round,rank,candidate_id,strategy,origin,parent_ids,is_survivor,sharpe_ratio,total_return,max_drawdown,trade_count,signal_count,final_equity,win_rate,params_json
1,1,r1_c49,donchian_breakout,mutation,r1_c10,True,1.6962348232447384,0.21587447446822572,0.27425308445984903,148,164,12158.744744682257,0.3877551020408163,"{""breakout_buffer_bps"": 30.0, ""lookback_window"": 65}"
1,2,r1_c40,donchian_breakout,mutation,r1_c10,True,0.24725689352741984,-0.004669221828963237,0.2758633182320758,338,380,9953.307781710368,0.3391304347826087,"{""breakout_buffer_bps"": 15.0, ""lookback_window"": 57}"
1,3,r1_c08,multi_timeframe_ma_spread,seed,,True,-0.12970679966166665,-0.04940231886013189,0.3095946833926421,119,119,9505.976811398681,0.3076923076923077,"{""primary_ma_period"": 20, ""reference_ma_period"": 50, ""spread_threshold_bps"": 20.0}"
1,4,r1_c17,multi_timeframe_ma_spread,mutation,r1_c07,True,-0.6201257414323975,-0.11083372801063687,0.3221537162169209,367,371,8891.662719893631,0.24390243902439024,"{""primary_ma_period"": 5, ""reference_ma_period"": 22, ""spread_threshold_bps"": 20.0}"
1,5,r1_c47,multi_timeframe_ma_spread,mutation,r1_c08,True,-0.7282427876185831,-0.12095278004523752,0.35163607029368105,104,107,8790.472199547625,0.33962264150943394,"{""primary_ma_period"": 19, ""reference_ma_period"": 52, ""spread_threshold_bps"": 40.0}"
1,6,r1_c38,multi_timeframe_ma_spread,mutation,r1_c08,True,-0.8714438654855623,-0.1363367837140946,0.36328343023041293,105,105,8636.632162859054,0.29508196721311475,"{""primary_ma_period"": 23, ""reference_ma_period"": 55, ""spread_threshold_bps"": 20.0}"
1,7,r1_c28,multi_timeframe_ma_spread,mutation,r1_c08,True,-0.8853199454051878,-0.13814676517267271,0.3645721221128648,90,90,8618.532348273273,0.3137254901960784,"{""primary_ma_period"": 21, ""reference_ma_period"": 60, ""spread_threshold_bps"": 40.0}"
1,8,r1_c37,multi_timeframe_ma_spread,mutation,r1_c07,False,-0.9028096181160715,-0.14362232542451475,0.34288642068915987,247,248,8563.776745754853,0.2392638036809816,"{""primary_ma_period"": 13, ""reference_ma_period"": 22, ""spread_threshold_bps"": 10.0}"
1,9,r1_c20,donchian_breakout,mutation,r1_c10,True,-0.9964967746537912,-0.16246882359019055,0.32341117798383046,403,468,8375.311764098094,0.31851851851851853,"{""breakout_buffer_bps"": 10.0, ""lookback_window"": 65}"
1,10,r1_c18,multi_timeframe_ma_spread,mutation,r1_c08,False,-1.4699713512759829,-0.20068933973184222,0.3834799024681202,101,101,7993.106602681578,0.2345679012345679,"{""primary_ma_period"": 25, ""reference_ma_period"": 55, ""spread_threshold_bps"": 10.0}"
1,11,r1_c27,multi_timeframe_ma_spread,mutation,r1_c07,False,-1.7774142385351164,-0.23475209045816256,0.36591123480848536,193,193,7652.4790954183745,0.19270833333333334,"{""primary_ma_period"": 15, ""reference_ma_period"": 30, ""spread_threshold_bps"": 0.0}"
1,12,r1_c10,donchian_breakout,seed,,True,-1.9220524806891637,-0.26349448317689184,0.40456245765600274,446,508,7365.055168231082,0.2967741935483871,"{""breakout_buffer_bps"": 10.0, ""lookback_window"": 55}"
1,13,r1_c13,moving_average_cross,mutation,r1_c03,True,-2.6816002351474024,-0.22518688309352847,0.28140380809236204,509,16338,7748.131169064715,0.27450980392156865,"{""entry_threshold"": 0.002, ""fast_window"": 22, ""slow_window"": 95}"
1,14,r1_c46,multi_timeframe_ma_spread,mutation,r1_c07,False,-2.737079137072944,-0.32939175101677654,0.37238671311888943,366,366,6706.082489832234,0.2074074074074074,"{""primary_ma_period"": 7, ""reference_ma_period"": 18, ""spread_threshold_bps"": 5.0}"
1,15,r1_c07,multi_timeframe_ma_spread,seed,,False,-3.346090846989481,-0.3814386491258709,0.3962646164629908,305,305,6185.613508741291,0.15789473684210525,"{""primary_ma_period"": 10, ""reference_ma_period"": 20, ""spread_threshold_bps"": 0.0}"
1,16,r1_c30,donchian_breakout,mutation,r1_c10,True,-3.65799171394465,-0.4220292067393799,0.43545251054553463,707,827,5779.707932606201,0.26540284360189575,"{""breakout_buffer_bps"": 0.0, ""lookback_window"": 65}"
1,17,r1_c15,rsi_reversion,mutation,r1_c05,True,-3.8159800621732867,-0.30338835999620123,0.33582414337454597,783,3545,6966.116400037988,0.5396825396825397,"{""overbought"": 70.0, ""oversold"": 25.0, ""period"": 16}"
1,18,r1_c03,moving_average_cross,seed,,True,-4.320423027121143,-0.3342258342207221,0.34665298402480704,768,20013,6657.741657792779,0.24183006535947713,"{""entry_threshold"": 0.001, ""fast_window"": 20, ""slow_window"": 80}"
1,19,r1_c33,moving_average_cross,mutation,r1_c03,True,-4.865433932943635,-0.36823569278234825,0.3814605109658427,802,19651,6317.643072176517,0.2375,"{""entry_threshold"": 0.001, ""fast_window"": 21, ""slow_window"": 75}"
1,20,r1_c05,rsi_reversion,seed,,True,-5.536030438670936,-0.44394633101968267,0.45175550198183706,1373,5699,5560.536689803173,0.5205047318611987,"{""overbought"": 70.0, ""oversold"": 30.0, ""period"": 14}"
1,21,r1_c35,rsi_reversion,mutation,r1_c05,True,-5.872719258005823,-0.4861862665433558,0.495008186577652,1529,7134,5138.137334566442,0.5195195195195195,"{""overbought"": 70.0, ""oversold"": 35.0, ""period"": 15}"
1,22,r1_c12,moving_average_cross,mutation,r1_c02,True,-6.283650037873284,-0.4458206194855079,0.45625035853088874,1183,19829,5541.793805144921,0.24686192468619247,"{""entry_threshold"": 0.001, ""fast_window"": 8, ""slow_window"": 55}"
1,23,r1_c25,rsi_reversion,mutation,r1_c05,True,-6.508525989068648,-0.5090000530605866,0.5185921003551699,1378,6076,4909.9994693941335,0.5328947368421053,"{""overbought"": 70.0, ""oversold"": 32.5, ""period"": 15}"
1,24,r1_c23,moving_average_cross,mutation,r1_c03,True,-6.5180899380296795,-0.4512529584476056,0.4648281585690503,962,22514,5487.470415523944,0.21761658031088082,"{""entry_threshold"": 0.0005, ""fast_window"": 19, ""slow_window"": 70}"
1,25,r1_c21,moving_average_cross,mutation,r1_c01,False,-6.699583063979677,-0.47646184518557094,0.4849927753970781,1637,17405,5235.381548144291,0.25,"{""entry_threshold"": 0.001, ""fast_window"": 7, ""slow_window"": 30}"
1,26,r1_c36,price_moving_average,mutation,r1_c06,True,-7.0830533408653915,-0.49633713935770263,0.5126816122971959,648,830,5036.6286064229735,0.288,"{""entry_threshold"": 0.0015, ""period"": 9}"
1,27,r1_c32,moving_average_cross,mutation,r1_c02,False,-7.3175458381316725,-0.501073219396837,0.5158912804344119,1497,22189,4989.267806031629,0.24918032786885247,"{""entry_threshold"": 0.0005, ""fast_window"": 9, ""slow_window"": 45}"
1,28,r1_c22,moving_average_cross,mutation,r1_c02,False,-7.640199067822556,-0.5167622531077782,0.5243512877883424,1679,21247,4832.377468922217,0.2536873156342183,"{""entry_threshold"": 0.0005, ""fast_window"": 11, ""slow_window"": 35}"
1,29,r1_c26,price_moving_average,mutation,r1_c06,False,-7.7483607939724815,-0.5460736694970901,0.5485424299492372,875,1122,4539.263305029099,0.30513595166163143,"{""entry_threshold"": 0.001, ""period"": 13}"
1,30,r1_c02,moving_average_cross,seed,,False,-7.799316662938947,-0.5232833208223456,0.5365377595316762,1581,21780,4767.1667917765435,0.25,"{""entry_threshold"": 0.0005, ""fast_window"": 10, ""slow_window"": 40}"
1,31,r1_c19,donchian_breakout,mutation,r1_c09,False,-7.843919619823264,-0.6779009783241555,0.6814058430396357,1172,1265,3220.990216758445,0.26652452025586354,"{""breakout_buffer_bps"": 5.0, ""lookback_window"": 18}"
1,32,r1_c29,donchian_breakout,mutation,r1_c09,False,-8.459248525891464,-0.7049631896875002,0.7069597560418082,1535,1677,2950.3681031249985,0.2490974729241877,"{""breakout_buffer_bps"": 0.0, ""lookback_window"": 22}"
1,33,r1_c42,moving_average_cross,mutation,r1_c02,False,-9.417990157829927,-0.5921529544786154,0.6022325444311963,2031,25863,4078.4704552138464,0.1976190476190476,"{""entry_threshold"": 0.0, ""fast_window"": 8, ""slow_window"": 45}"
1,34,r1_c09,donchian_breakout,seed,,False,-9.723728723661905,-0.7530270570240696,0.7541588369927329,1656,1796,2469.7294297593044,0.23934426229508196,"{""breakout_buffer_bps"": 0.0, ""lookback_window"": 20}"
1,35,r1_c39,donchian_breakout,mutation,r1_c09,False,-10.639392503536115,-0.7835327508725696,0.7879805382375786,1647,1742,2164.672491274305,0.26458036984352773,"{""breakout_buffer_bps"": 5.0, ""lookback_window"": 10}"
1,36,r1_c48,donchian_breakout,mutation,r1_c09,False,-11.04743805155371,-0.7957126974534958,0.7968647545746934,1988,2127,2042.8730254650413,0.2393617021276596,"{""breakout_buffer_bps"": 0.0, ""lookback_window"": 15}"
1,37,r1_c31,moving_average_cross,mutation,r1_c01,False,-11.338920628296982,-0.6631693213238197,0.6631945455357575,2594,25878,3368.3067867618033,0.21973929236499068,"{""entry_threshold"": 0.0, ""fast_window"": 8, ""slow_window"": 30}"
1,38,r1_c11,moving_average_cross,mutation,r1_c01,False,-11.65783074100422,-0.6750929190232069,0.6751248551804856,2608,21440,3249.070809767931,0.22586520947176686,"{""entry_threshold"": 0.0005, ""fast_window"": 4, ""slow_window"": 25}"
1,39,r1_c50,moving_average_cross,mutation,r1_c01,False,-13.759963987510256,-0.7356180495896942,0.737260578433325,2689,10324,2643.8195041030576,0.24324324324324326,"{""entry_threshold"": 0.001, ""fast_window"": 4, ""slow_window"": 10}"
1,40,r1_c41,moving_average_cross,mutation,r1_c01,False,-13.820113090343702,-0.7392925332818031,0.7393156787380114,3194,25883,2607.074667181969,0.20689655172413793,"{""entry_threshold"": 0.0, ""fast_window"": 6, ""slow_window"": 25}"
1,41,r1_c04,rsi_reversion,seed,,False,-13.964716015714131,-0.759794835980314,0.7627535989848947,2708,7660,2402.0516401968594,0.4009146341463415,"{""overbought"": 75.0, ""oversold"": 25.0, ""period"": 7}"
1,42,r1_c44,rsi_reversion,mutation,r1_c05,False,-14.863927797415514,-0.785813785513166,0.7875022412204858,2930,11804,2141.86214486834,0.3879699248120301,"{""overbought"": 65.0, ""oversold"": 35.0, ""period"": 10}"
1,43,r1_c43,rsi_reversion,mutation,r1_c04,False,-16.871798990866676,-0.8069246846378475,0.8069246846378475,3411,9745,1930.7531536215247,0.33560864618885095,"{""overbought"": 70.0, ""oversold"": 22.5, ""period"": 6}"
1,44,r1_c01,moving_average_cross,seed,,False,-17.525704343918317,-0.8184778598790398,0.8185583122269054,3945,25888,1815.2214012096024,0.19427890345649582,"{""entry_threshold"": 0.0, ""fast_window"": 5, ""slow_window"": 20}"
1,45,r1_c34,rsi_reversion,mutation,r1_c04,False,-18.76354036682788,-0.8593549252221439,0.8594081584904582,3761,8482,1406.4507477785608,0.34177215189873417,"{""overbought"": 80.0, ""oversold"": 22.5, ""period"": 5}"
1,46,r1_c06,price_moving_average,seed,,False,-19.252742911393163,-0.857267453098881,0.8573724280782883,2100,2424,1427.3254690111903,0.2234891676168757,"{""entry_threshold"": 0.0005, ""period"": 10}"
1,47,r1_c16,price_moving_average,mutation,r1_c06,False,-21.67844124769069,-0.8838315842010437,0.8839287882716895,2220,2578,1161.6841579895636,0.20277481323372465,"{""entry_threshold"": 0.0005, ""period"": 9}"
1,48,r1_c14,rsi_reversion,mutation,r1_c04,False,-21.806508000825595,-0.8873226360092167,0.8873594312595182,4119,9800,1126.7736399078337,0.3136150234741784,"{""overbought"": 75.0, ""oversold"": 22.5, ""period"": 5}"
1,49,r1_c24,rsi_reversion,mutation,r1_c04,False,-23.278801818814923,-0.9005370574633945,0.9005370574633945,4728,11809,994.6294253660541,0.30335241210139,"{""overbought"": 70.0, ""oversold"": 25.0, ""period"": 5}"
1,50,r1_c45,price_moving_average,mutation,r1_c06,False,-28.46742274532239,-0.9431142188858579,0.9431142188858579,3005,3510,568.8578111414204,0.20443740095087162,"{""entry_threshold"": 0.0005, ""period"": 5}"
2,1,r2_c21,donchian_breakout,mutation,r1_c49,True,3.6157153541194726,0.5814126690951218,0.19190992439238105,95,101,15814.126690951218,0.5862068965517241,"{""breakout_buffer_bps"": 40.0, ""lookback_window"": 63}"
2,2,r2_c01,donchian_breakout,elite,r1_c49,True,1.6962348232447384,0.21587447446822572,0.27425308445984903,148,164,12158.744744682257,0.3877551020408163,"{""breakout_buffer_bps"": 30.0, ""lookback_window"": 65}"
2,3,r2_c27,multi_timeframe_ma_spread,mutation,r1_c28,True,0.811263791578187,0.07356122768358073,0.3050892699561412,74,80,10735.612276835807,0.3939393939393939,"{""primary_ma_period"": 22, ""reference_ma_period"": 70, ""spread_threshold_bps"": 50.0}"
2,4,r2_c23,multi_timeframe_ma_spread,mutation,r1_c08,True,0.3007702010944979,0.00490207181575588,0.23818100984807755,79,80,10049.020718157559,0.3617021276595745,"{""primary_ma_period"": 25, ""reference_ma_period"": 60, ""spread_threshold_bps"": 40.0}"
2,5,r2_c02,donchian_breakout,elite,r1_c40,True,0.24725689352741984,-0.004669221828963237,0.2758633182320758,338,380,9953.307781710368,0.3391304347826087,"{""breakout_buffer_bps"": 15.0, ""lookback_window"": 57}"
2,6,r2_c29,donchian_breakout,mutation,r1_c10,True,0.03886861509402585,-0.032747315276917106,0.3295025572438405,171,185,9672.526847230829,0.36065573770491804,"{""breakout_buffer_bps"": 30.0, ""lookback_window"": 45}"
2,7,r2_c03,multi_timeframe_ma_spread,elite,r1_c08,True,-0.12970679966166665,-0.04940231886013189,0.3095946833926421,119,119,9505.976811398681,0.3076923076923077,"{""primary_ma_period"": 20, ""reference_ma_period"": 50, ""spread_threshold_bps"": 20.0}"
2,8,r2_c22,donchian_breakout,mutation,r1_c40,True,-0.24361285322153833,-0.0702082570380273,0.23721431830630374,395,460,9297.917429619727,0.33858267716535434,"{""breakout_buffer_bps"": 10.0, ""lookback_window"": 67}"
2,9,r2_c47,multi_timeframe_ma_spread,mutation,r1_c28,True,-0.34292222878059475,-0.0751447813131901,0.3479304230317691,97,100,9248.552186868099,0.3584905660377358,"{""primary_ma_period"": 18, ""reference_ma_period"": 58, ""spread_threshold_bps"": 30.0}"
2,10,r2_c04,multi_timeframe_ma_spread,elite,r1_c17,True,-0.6201257414323975,-0.11083372801063687,0.3221537162169209,367,371,8891.662719893631,0.24390243902439024,"{""primary_ma_period"": 5, ""reference_ma_period"": 22, ""spread_threshold_bps"": 20.0}"
2,11,r2_c05,multi_timeframe_ma_spread,elite,r1_c47,False,-0.7282427876185831,-0.12095278004523752,0.35163607029368105,104,107,8790.472199547625,0.33962264150943394,"{""primary_ma_period"": 19, ""reference_ma_period"": 52, ""spread_threshold_bps"": 40.0}"
2,12,r2_c42,donchian_breakout,mutation,r1_c40,False,-0.8246959009345675,-0.14190302177578887,0.34849195268956507,245,273,8580.969782242111,0.3181818181818182,"{""breakout_buffer_bps"": 20.0, ""lookback_window"": 67}"
2,13,r2_c46,multi_timeframe_ma_spread,mutation,r1_c38,False,-0.8273763789949479,-0.13116733223495686,0.3573359231103981,113,114,8688.326677650432,0.25925925925925924,"{""primary_ma_period"": 22, ""reference_ma_period"": 53, ""spread_threshold_bps"": 10.0}"
2,14,r2_c06,multi_timeframe_ma_spread,elite,r1_c38,False,-0.8714438654855623,-0.1363367837140946,0.36328343023041293,105,105,8636.632162859054,0.29508196721311475,"{""primary_ma_period"": 23, ""reference_ma_period"": 55, ""spread_threshold_bps"": 20.0}"
2,15,r2_c48,donchian_breakout,mutation,r1_c20,False,-0.8761965253732694,-0.14808151904334063,0.36598504149455113,236,261,8519.184809566594,0.30864197530864196,"{""breakout_buffer_bps"": 20.0, ""lookback_window"": 75}"
2,16,r2_c07,multi_timeframe_ma_spread,elite,r1_c28,False,-0.8853199454051878,-0.13814676517267271,0.3645721221128648,90,90,8618.532348273273,0.3137254901960784,"{""primary_ma_period"": 21, ""reference_ma_period"": 60, ""spread_threshold_bps"": 40.0}"
2,17,r2_c25,multi_timeframe_ma_spread,mutation,r1_c47,False,-0.8990449184213659,-0.13938485162232991,0.3636971008440905,108,110,8606.1514837767,0.3114754098360656,"{""primary_ma_period"": 16, ""reference_ma_period"": 62, ""spread_threshold_bps"": 30.0}"
2,18,r2_c43,multi_timeframe_ma_spread,mutation,r1_c08,False,-0.9250459322560317,-0.1424059351979482,0.358982867055403,108,108,8575.940648020518,0.25,"{""primary_ma_period"": 19, ""reference_ma_period"": 60, ""spread_threshold_bps"": 10.0}"
2,19,r2_c08,donchian_breakout,elite,r1_c20,False,-0.9964967746537912,-0.16246882359019055,0.32341117798383046,403,468,8375.311764098094,0.31851851851851853,"{""breakout_buffer_bps"": 10.0, ""lookback_window"": 65}"
2,20,r2_c45,multi_timeframe_ma_spread,mutation,r1_c47,False,-1.1888208294138183,-0.17224120080155372,0.34223955827286817,109,110,8277.587991984463,0.3114754098360656,"{""primary_ma_period"": 22, ""reference_ma_period"": 47, ""spread_threshold_bps"": 35.0}"
2,21,r2_c31,donchian_breakout,mutation,r1_c30,False,-1.3278469521434746,-0.19964864947239394,0.40440069866453476,242,268,8003.513505276061,0.2988505747126437,"{""breakout_buffer_bps"": 20.0, ""lookback_window"": 70}"
2,22,r2_c30,moving_average_cross,mutation,r1_c13,True,-1.7107723008335927,-0.15608700311737667,0.19559195887340858,417,14849,8439.129968826233,0.3132530120481928,"{""entry_threshold"": 0.0025, ""fast_window"": 23, ""slow_window"": 100}"
2,23,r2_c26,multi_timeframe_ma_spread,mutation,r1_c38,False,-1.7158751529957215,-0.22631319107840045,0.3835301161703734,133,133,7736.8680892159955,0.25842696629213485,"{""primary_ma_period"": 22, ""reference_ma_period"": 45, ""spread_threshold_bps"": 15.0}"
2,24,r2_c09,donchian_breakout,elite,r1_c10,False,-1.9220524806891637,-0.26349448317689184,0.40456245765600274,446,508,7365.055168231082,0.2967741935483871,"{""breakout_buffer_bps"": 10.0, ""lookback_window"": 55}"
2,25,r2_c50,moving_average_cross,mutation,r1_c13,True,-2.2933065645005026,-0.20051084762138552,0.2512600834741371,411,12566,7994.891523786145,0.25609756097560976,"{""entry_threshold"": 0.003, ""fast_window"": 23, ""slow_window"": 90}"
2,26,r2_c41,donchian_breakout,mutation,r1_c49,False,-2.3935633831686625,-0.3089657592006195,0.4546728319188324,216,232,6910.342407993805,0.3076923076923077,"{""breakout_buffer_bps"": 25.0, ""lookback_window"": 55}"
2,27,r2_c10,moving_average_cross,elite,r1_c13,True,-2.6816002351474024,-0.22518688309352847,0.28140380809236204,509,16338,7748.131169064715,0.27450980392156865,"{""entry_threshold"": 0.002, ""fast_window"": 22, ""slow_window"": 95}"
2,28,r2_c24,multi_timeframe_ma_spread,mutation,r1_c17,False,-2.744392305792652,-0.3274924713964969,0.4668040644871342,515,529,6725.075286035031,0.16487455197132617,"{""primary_ma_period"": 2, ""reference_ma_period"": 24, ""spread_threshold_bps"": 10.0}"
2,29,r2_c36,rsi_reversion,mutation,r1_c35,True,-3.261406485193223,-0.33182520321409803,0.40932993912441135,914,4875,6681.74796785902,0.59375,"{""overbought"": 72.5, ""oversold"": 35.0, ""period"": 19}"
2,30,r2_c32,rsi_reversion,mutation,r1_c15,True,-3.657697020660524,-0.3545856802075877,0.39887494640625026,732,3101,6454.143197924123,0.5527950310559007,"{""overbought"": 75.0, ""oversold"": 30.0, ""period"": 17}"
2,31,r2_c11,donchian_breakout,elite,r1_c30,False,-3.65799171394465,-0.4220292067393799,0.43545251054553463,707,827,5779.707932606201,0.26540284360189575,"{""breakout_buffer_bps"": 0.0, ""lookback_window"": 65}"
2,32,r2_c28,donchian_breakout,mutation,r1_c20,False,-3.7140685789375962,-0.4262909733990801,0.4731538335232788,605,684,5737.090266009199,0.2623762376237624,"{""breakout_buffer_bps"": 5.0, ""lookback_window"": 55}"
2,33,r2_c12,rsi_reversion,elite,r1_c15,True,-3.8159800621732867,-0.30338835999620123,0.33582414337454597,783,3545,6966.116400037988,0.5396825396825397,"{""overbought"": 70.0, ""oversold"": 25.0, ""period"": 16}"
2,34,r2_c13,moving_average_cross,elite,r1_c03,True,-4.320423027121143,-0.3342258342207221,0.34665298402480704,768,20013,6657.741657792779,0.24183006535947713,"{""entry_threshold"": 0.001, ""fast_window"": 20, ""slow_window"": 80}"
2,35,r2_c34,moving_average_cross,mutation,r1_c33,True,-4.379040756204196,-0.33459579890379954,0.35152566240840943,604,14028,6654.0420109620045,0.2396694214876033,"{""entry_threshold"": 0.002, ""fast_window"": 23, ""slow_window"": 70}"
2,36,r2_c33,moving_average_cross,mutation,r1_c03,False,-4.532052620138247,-0.34671190269283514,0.35611073171551144,807,22973,6532.880973071648,0.2484472049689441,"{""entry_threshold"": 0.0005, ""fast_window"": 23, ""slow_window"": 90}"
2,37,r2_c44,multi_timeframe_ma_spread,mutation,r1_c17,False,-4.566958815335269,-0.47580887195279636,0.49650229347413616,633,665,5241.911280472036,0.1846590909090909,"{""primary_ma_period"": 2, ""reference_ma_period"": 17, ""spread_threshold_bps"": 10.0}"
2,38,r2_c14,moving_average_cross,elite,r1_c33,False,-4.865433932943635,-0.36823569278234825,0.3814605109658427,802,19651,6317.643072176517,0.2375,"{""entry_threshold"": 0.001, ""fast_window"": 21, ""slow_window"": 75}"
2,39,r2_c38,rsi_reversion,mutation,r1_c25,True,-5.165121457557407,-0.4149386256782281,0.4360470433533993,963,4328,5850.613743217719,0.5136363636363637,"{""overbought"": 70.0, ""oversold"": 30.0, ""period"": 17}"
2,40,r2_c15,rsi_reversion,elite,r1_c05,True,-5.536030438670936,-0.44394633101968267,0.45175550198183706,1373,5699,5560.536689803173,0.5205047318611987,"{""overbought"": 70.0, ""oversold"": 30.0, ""period"": 14}"
2,41,r2_c16,rsi_reversion,elite,r1_c35,False,-5.872719258005823,-0.4861862665433558,0.495008186577652,1529,7134,5138.137334566442,0.5195195195195195,"{""overbought"": 70.0, ""oversold"": 35.0, ""period"": 15}"
2,42,r2_c40,price_moving_average,mutation,r1_c36,False,-6.28307000961539,-0.45346296840345224,0.4815984229274121,472,605,5465.370315965478,0.2849462365591398,"{""entry_threshold"": 0.002, ""period"": 6}"
2,43,r2_c17,moving_average_cross,elite,r1_c12,False,-6.283650037873284,-0.4458206194855079,0.45625035853088874,1183,19829,5541.793805144921,0.24686192468619247,"{""entry_threshold"": 0.001, ""fast_window"": 8, ""slow_window"": 55}"
2,44,r2_c18,rsi_reversion,elite,r1_c25,False,-6.508525989068648,-0.5090000530605866,0.5185921003551699,1378,6076,4909.9994693941335,0.5328947368421053,"{""overbought"": 70.0, ""oversold"": 32.5, ""period"": 15}"
2,45,r2_c19,moving_average_cross,elite,r1_c23,False,-6.5180899380296795,-0.4512529584476056,0.4648281585690503,962,22514,5487.470415523944,0.21761658031088082,"{""entry_threshold"": 0.0005, ""fast_window"": 19, ""slow_window"": 70}"
2,46,r2_c49,donchian_breakout,mutation,r1_c10,False,-6.981388557314772,-0.6358364446155872,0.6377048573869861,912,1036,3641.6355538441276,0.26644736842105265,"{""breakout_buffer_bps"": 0.0, ""lookback_window"": 45}"
2,47,r2_c20,price_moving_average,elite,r1_c36,False,-7.0830533408653915,-0.49633713935770263,0.5126816122971959,648,830,5036.6286064229735,0.288,"{""entry_threshold"": 0.0015, ""period"": 9}"
2,48,r2_c39,moving_average_cross,mutation,r1_c23,False,-7.396166343659934,-0.50024792340808,0.5097544461916688,1166,22390,4997.5207659192,0.24786324786324787,"{""entry_threshold"": 0.0005, ""fast_window"": 16, ""slow_window"": 60}"
2,49,r2_c35,rsi_reversion,mutation,r1_c05,False,-8.14387143515446,-0.5596231524561127,0.5665057708834708,1432,7570,4403.768475438873,0.48307692307692307,"{""overbought"": 65.0, ""oversold"": 32.5, ""period"": 16}"
2,50,r2_c37,moving_average_cross,mutation,r1_c12,False,-8.388291465691275,-0.5496100973489573,0.5622516172517948,1664,22416,4503.899026510428,0.23054755043227665,"{""entry_threshold"": 0.0005, ""fast_window"": 6, ""slow_window"": 45}"
3,1,r3_c01,donchian_breakout,elite,r2_c21,True,3.6157153541194726,0.5814126690951218,0.19190992439238105,95,101,15814.126690951218,0.5862068965517241,"{""breakout_buffer_bps"": 40.0, ""lookback_window"": 63}"
3,2,r3_c41,donchian_breakout,mutation,r2_c21,True,2.5582193750943087,0.36790169386893173,0.22953926077332318,99,105,13679.016938689318,0.5428571428571428,"{""breakout_buffer_bps"": 40.0, ""lookback_window"": 58}"
3,3,r3_c46,donchian_breakout,mutation,r2_c29,True,2.1396013528344615,0.29152092309209493,0.2723631974525058,101,108,12915.20923092095,0.5135135135135135,"{""breakout_buffer_bps"": 40.0, ""lookback_window"": 55}"
3,4,r3_c02,donchian_breakout,elite,r2_c01,True,1.6962348232447384,0.21587447446822572,0.27425308445984903,148,164,12158.744744682257,0.3877551020408163,"{""breakout_buffer_bps"": 30.0, ""lookback_window"": 65}"
3,5,r3_c23,multi_timeframe_ma_spread,mutation,r2_c27,True,1.224429912924978,0.13259959899725637,0.26447034938556047,83,91,11325.995989972564,0.36363636363636365,"{""primary_ma_period"": 23, ""reference_ma_period"": 65, ""spread_threshold_bps"": 70.0}"
3,6,r3_c03,multi_timeframe_ma_spread,elite,r2_c27,True,0.811263791578187,0.07356122768358073,0.3050892699561412,74,80,10735.612276835807,0.3939393939393939,"{""primary_ma_period"": 22, ""reference_ma_period"": 70, ""spread_threshold_bps"": 50.0}"
3,7,r3_c24,multi_timeframe_ma_spread,mutation,r2_c23,True,0.5604562912552619,0.03928619019986163,0.24655754344774494,79,83,10392.861901998616,0.358974358974359,"{""primary_ma_period"": 24, ""reference_ma_period"": 62, ""spread_threshold_bps"": 60.0}"
3,8,r3_c50,multi_timeframe_ma_spread,mutation,r2_c04,True,0.4289073817696517,0.021591385322660788,0.20171890468785902,227,237,10215.913853226608,0.31313131313131315,"{""primary_ma_period"": 10, ""reference_ma_period"": 27, ""spread_threshold_bps"": 30.0}"
3,9,r3_c04,multi_timeframe_ma_spread,elite,r2_c23,True,0.3007702010944979,0.00490207181575588,0.23818100984807755,79,80,10049.020718157559,0.3617021276595745,"{""primary_ma_period"": 25, ""reference_ma_period"": 60, ""spread_threshold_bps"": 40.0}"
3,10,r3_c05,donchian_breakout,elite,r2_c02,True,0.24725689352741984,-0.004669221828963237,0.2758633182320758,338,380,9953.307781710368,0.3391304347826087,"{""breakout_buffer_bps"": 15.0, ""lookback_window"": 57}"
3,11,r3_c43,multi_timeframe_ma_spread,mutation,r2_c27,False,0.12256381059574362,-0.017917952183526542,0.293539975913106,97,102,9820.820478164735,0.34146341463414637,"{""primary_ma_period"": 17, ""reference_ma_period"": 65, ""spread_threshold_bps"": 50.0}"
3,12,r3_c21,donchian_breakout,mutation,r2_c21,False,0.09851669209843725,-0.024778730129779797,0.3294090965892939,165,178,9752.212698702202,0.36065573770491804,"{""breakout_buffer_bps"": 30.0, ""lookback_window"": 53}"
3,13,r3_c06,donchian_breakout,elite,r2_c29,False,0.03886861509402585,-0.032747315276917106,0.3295025572438405,171,185,9672.526847230829,0.36065573770491804,"{""breakout_buffer_bps"": 30.0, ""lookback_window"": 45}"
3,14,r3_c07,multi_timeframe_ma_spread,elite,r2_c03,False,-0.12970679966166665,-0.04940231886013189,0.3095946833926421,119,119,9505.976811398681,0.3076923076923077,"{""primary_ma_period"": 20, ""reference_ma_period"": 50, ""spread_threshold_bps"": 20.0}"
3,15,r3_c44,multi_timeframe_ma_spread,mutation,r2_c23,False,-0.16886034487928211,-0.05411960302134666,0.3312831917064648,82,92,9458.803969786533,0.36585365853658536,"{""primary_ma_period"": 20, ""reference_ma_period"": 70, ""spread_threshold_bps"": 45.0}"
3,16,r3_c08,donchian_breakout,elite,r2_c22,False,-0.24361285322153833,-0.0702082570380273,0.23721431830630374,395,460,9297.917429619727,0.33858267716535434,"{""breakout_buffer_bps"": 10.0, ""lookback_window"": 67}"
3,17,r3_c22,donchian_breakout,mutation,r2_c01,False,-0.3290120482150825,-0.08101910904366541,0.29932235454323464,255,286,9189.808909563346,0.33695652173913043,"{""breakout_buffer_bps"": 20.0, ""lookback_window"": 63}"
3,18,r3_c09,multi_timeframe_ma_spread,elite,r2_c47,False,-0.34292222878059475,-0.0751447813131901,0.3479304230317691,97,100,9248.552186868099,0.3584905660377358,"{""primary_ma_period"": 18, ""reference_ma_period"": 58, ""spread_threshold_bps"": 30.0}"
3,19,r3_c47,multi_timeframe_ma_spread,mutation,r2_c03,False,-0.37004383586224016,-0.07862421083120498,0.3240294903703767,111,111,9213.75789168795,0.3220338983050847,"{""primary_ma_period"": 19, ""reference_ma_period"": 52, ""spread_threshold_bps"": 30.0}"
3,20,r3_c42,donchian_breakout,mutation,r2_c01,False,-0.5338267297236649,-0.10579368851895997,0.4314054972145549,53,60,8942.0631148104,0.21739130434782608,"{""breakout_buffer_bps"": 50.0, ""lookback_window"": 70}"
3,21,r3_c29,multi_timeframe_ma_spread,mutation,r2_c47,False,-0.5786029463804002,-0.10338574493495034,0.3461799875704535,103,105,8966.142550650497,0.33962264150943394,"{""primary_ma_period"": 19, ""reference_ma_period"": 53, ""spread_threshold_bps"": 35.0}"
3,22,r3_c10,multi_timeframe_ma_spread,elite,r2_c04,False,-0.6201257414323975,-0.11083372801063687,0.3221537162169209,367,371,8891.662719893631,0.24390243902439024,"{""primary_ma_period"": 5, ""reference_ma_period"": 22, ""spread_threshold_bps"": 20.0}"
3,23,r3_c27,multi_timeframe_ma_spread,mutation,r2_c03,False,-0.9422607421724544,-0.14409308908714794,0.35193653384706014,119,119,8559.06910912852,0.2962962962962963,"{""primary_ma_period"": 15, ""reference_ma_period"": 52, ""spread_threshold_bps"": 15.0}"
3,24,r3_c35,rsi_reversion,mutation,r2_c32,True,-1.0403452459940041,-0.1341280229457925,0.3513981195262521,333,1220,8658.719770542075,0.6025641025641025,"{""overbought"": 77.5, ""oversold"": 25.0, ""period"": 19}"
3,25,r3_c31,moving_average_cross,mutation,r2_c30,True,-1.221521847726847,-0.11835642049616527,0.17838204855178155,335,13390,8816.435795038347,0.3283582089552239,"{""entry_threshold"": 0.0035, ""fast_window"": 20, ""slow_window"": 115}"
3,26,r3_c32,moving_average_cross,mutation,r2_c50,True,-1.4309873952680032,-0.1355429151942746,0.2023042510610612,369,13900,8644.570848057254,0.273972602739726,"{""entry_threshold"": 0.003, ""fast_window"": 22, ""slow_window"": 105}"
3,27,r3_c28,donchian_breakout,mutation,r2_c22,False,-1.4698017312329927,-0.21526258170933915,0.4159825466674693,240,266,7847.374182906608,0.28735632183908044,"{""breakout_buffer_bps"": 20.0, ""lookback_window"": 72}"
3,28,r3_c49,multi_timeframe_ma_spread,mutation,r2_c47,False,-1.5961756505115476,-0.21265046977268293,0.4164162722956956,99,102,7873.495302273171,0.2786885245901639,"{""primary_ma_period"": 17, ""reference_ma_period"": 68, ""spread_threshold_bps"": 30.0}"
3,29,r3_c33,moving_average_cross,mutation,r2_c10,True,-1.6574707698756976,-0.15146522810876395,0.20750768378285084,413,15858,8485.34771891236,0.3170731707317073,"{""entry_threshold"": 0.0025, ""fast_window"": 20, ""slow_window"": 110}"
3,30,r3_c45,donchian_breakout,mutation,r2_c02,False,-1.6706257166501135,-0.23744122609731558,0.3503419031098849,553,641,7625.587739026844,0.2958579881656805,"{""breakout_buffer_bps"": 5.0, ""lookback_window"": 62}"
3,31,r3_c30,multi_timeframe_ma_spread,mutation,r2_c04,False,-1.7101827503437717,-0.23187021497749866,0.3143578334335378,529,606,7681.2978502250135,0.267515923566879,"{""primary_ma_period"": 2, ""reference_ma_period"": 17, ""spread_threshold_bps"": 40.0}"
3,32,r3_c11,moving_average_cross,elite,r2_c30,True,-1.7107723008335927,-0.15608700311737667,0.19559195887340858,417,14849,8439.129968826233,0.3132530120481928,"{""entry_threshold"": 0.0025, ""fast_window"": 23, ""slow_window"": 100}"
3,33,r3_c34,rsi_reversion,mutation,r2_c36,True,-2.081608325182877,-0.26406954294942686,0.36831899079988706,278,4601,7359.304570505731,0.5357142857142857,"{""overbought"": 77.5, ""oversold"": 37.5, ""period"": 23}"
3,34,r3_c12,moving_average_cross,elite,r2_c50,True,-2.2933065645005026,-0.20051084762138552,0.2512600834741371,411,12566,7994.891523786145,0.25609756097560976,"{""entry_threshold"": 0.003, ""fast_window"": 23, ""slow_window"": 90}"
3,35,r3_c48,donchian_breakout,mutation,r2_c22,False,-2.572593049494303,-0.32742143878408114,0.3893669981114843,617,729,6725.7856121591885,0.28901734104046245,"{""breakout_buffer_bps"": 0.0, ""lookback_window"": 77}"
3,36,r3_c13,moving_average_cross,elite,r2_c10,False,-2.6816002351474024,-0.22518688309352847,0.28140380809236204,509,16338,7748.131169064715,0.27450980392156865,"{""entry_threshold"": 0.002, ""fast_window"": 22, ""slow_window"": 95}"
3,37,r3_c38,moving_average_cross,mutation,r2_c34,False,-2.686802339319754,-0.22324895976824655,0.2772987122569408,541,15971,7767.5104023175345,0.27522935779816515,"{""entry_threshold"": 0.002, ""fast_window"": 20, ""slow_window"": 85}"
3,38,r3_c26,donchian_breakout,mutation,r2_c29,False,-3.037095875121859,-0.36863347854798706,0.4814371298248101,308,336,6313.66521452013,0.3064516129032258,"{""breakout_buffer_bps"": 20.0, ""lookback_window"": 40}"
3,39,r3_c14,rsi_reversion,elite,r2_c36,True,-3.261406485193223,-0.33182520321409803,0.40932993912441135,914,4875,6681.74796785902,0.59375,"{""overbought"": 72.5, ""oversold"": 35.0, ""period"": 19}"
3,40,r3_c39,rsi_reversion,mutation,r2_c38,True,-3.37551227441243,-0.28085225927193314,0.33038452308860583,597,2848,7191.477407280669,0.5540540540540541,"{""overbought"": 70.0, ""oversold"": 25.0, ""period"": 18}"
3,41,r3_c15,rsi_reversion,elite,r2_c32,True,-3.657697020660524,-0.3545856802075877,0.39887494640625026,732,3101,6454.143197924123,0.5527950310559007,"{""overbought"": 75.0, ""oversold"": 30.0, ""period"": 17}"
3,42,r3_c37,moving_average_cross,mutation,r2_c13,False,-3.7983482843720897,-0.3027716517853543,0.32147243153087246,609,18470,6972.283482146457,0.2727272727272727,"{""entry_threshold"": 0.0015, ""fast_window"": 21, ""slow_window"": 95}"
3,43,r3_c16,rsi_reversion,elite,r2_c12,False,-3.8159800621732867,-0.30338835999620123,0.33582414337454597,783,3545,6966.116400037988,0.5396825396825397,"{""overbought"": 70.0, ""oversold"": 25.0, ""period"": 16}"
3,44,r3_c17,moving_average_cross,elite,r2_c13,False,-4.320423027121143,-0.3342258342207221,0.34665298402480704,768,20013,6657.741657792779,0.24183006535947713,"{""entry_threshold"": 0.001, ""fast_window"": 20, ""slow_window"": 80}"
3,45,r3_c18,moving_average_cross,elite,r2_c34,False,-4.379040756204196,-0.33459579890379954,0.35152566240840943,604,14028,6654.0420109620045,0.2396694214876033,"{""entry_threshold"": 0.002, ""fast_window"": 23, ""slow_window"": 70}"
3,46,r3_c19,rsi_reversion,elite,r2_c38,False,-5.165121457557407,-0.4149386256782281,0.4360470433533993,963,4328,5850.613743217719,0.5136363636363637,"{""overbought"": 70.0, ""oversold"": 30.0, ""period"": 17}"
3,47,r3_c36,rsi_reversion,mutation,r2_c12,False,-5.3321445432409025,-0.3457821012875896,0.3515658766484481,937,5243,6542.1789871241035,0.4732510288065844,"{""overbought"": 67.5, ""oversold"": 20.0, ""period"": 12}"
3,48,r3_c20,rsi_reversion,elite,r2_c15,False,-5.536030438670936,-0.44394633101968267,0.45175550198183706,1373,5699,5560.536689803173,0.5205047318611987,"{""overbought"": 70.0, ""oversold"": 30.0, ""period"": 14}"
3,49,r3_c25,donchian_breakout,mutation,r2_c02,False,-6.2984804486278,-0.5996635374670795,0.6106364849505058,666,739,4003.3646253292054,0.25,"{""breakout_buffer_bps"": 5.0, ""lookback_window"": 47}"
3,50,r3_c40,rsi_reversion,mutation,r2_c15,False,-8.718329441834413,-0.5973397807337267,0.6022758747867535,1767,9093,4026.602192662733,0.46582278481012657,"{""overbought"": 65.0, ""oversold"": 35.0, ""period"": 15}"
4,1,r4_c01,donchian_breakout,elite,r3_c01,True,3.6157153541194726,0.5814126690951218,0.19190992439238105,95,101,15814.126690951218,0.5862068965517241,"{""breakout_buffer_bps"": 40.0, ""lookback_window"": 63}"
4,2,r4_c21,donchian_breakout,mutation,r3_c01,True,3.089926478529085,0.47270168347797953,0.22494478227691342,114,126,14727.016834779795,0.5263157894736842,"{""breakout_buffer_bps"": 35.0, ""lookback_window"": 68}"
4,3,r4_c42,donchian_breakout,mutation,r3_c41,True,2.917190635921284,0.4368975778662934,0.22953926077332318,97,103,14368.975778662934,0.5757575757575758,"{""breakout_buffer_bps"": 40.0, ""lookback_window"": 60}"
4,4,r4_c24,donchian_breakout,mutation,r3_c02,True,2.909786875856755,0.4357583784244252,0.2470503882790385,92,98,14357.583784244252,0.5172413793103449,"{""breakout_buffer_bps"": 40.0, ""lookback_window"": 67}"
4,5,r4_c02,donchian_breakout,elite,r3_c41,True,2.5582193750943087,0.36790169386893173,0.22953926077332318,99,105,13679.016938689318,0.5428571428571428,"{""breakout_buffer_bps"": 40.0, ""lookback_window"": 58}"
4,6,r4_c03,donchian_breakout,elite,r3_c46,False,2.1396013528344615,0.29152092309209493,0.2723631974525058,101,108,12915.20923092095,0.5135135135135135,"{""breakout_buffer_bps"": 40.0, ""lookback_window"": 55}"
4,7,r4_c04,donchian_breakout,elite,r3_c02,False,1.6962348232447384,0.21587447446822572,0.27425308445984903,148,164,12158.744744682257,0.3877551020408163,"{""breakout_buffer_bps"": 30.0, ""lookback_window"": 65}"
4,8,r4_c30,donchian_breakout,mutation,r3_c05,False,1.5319092488150094,0.18828954736795842,0.2506439145836993,127,140,11882.895473679584,0.4583333333333333,"{""breakout_buffer_bps"": 35.0, ""lookback_window"": 55}"
4,9,r4_c05,multi_timeframe_ma_spread,elite,r3_c23,True,1.224429912924978,0.13259959899725637,0.26447034938556047,83,91,11325.995989972564,0.36363636363636365,"{""primary_ma_period"": 23, ""reference_ma_period"": 65, ""spread_threshold_bps"": 70.0}"
4,10,r4_c22,donchian_breakout,mutation,r3_c41,False,1.1702323524054614,0.13049874399494055,0.23250761952988788,72,76,11304.987439949406,0.4482758620689655,"{""breakout_buffer_bps"": 45.0, ""lookback_window"": 60}"
4,11,r4_c47,multi_timeframe_ma_spread,mutation,r3_c24,True,1.1326501811187892,0.11965967453869034,0.22571049175942726,91,109,11196.596745386903,0.45161290322580644,"{""primary_ma_period"": 21, ""reference_ma_period"": 57, ""spread_threshold_bps"": 80.0}"
4,12,r4_c45,multi_timeframe_ma_spread,mutation,r3_c23,True,1.1175926058722512,0.1174749975027562,0.2467804531780872,90,109,11174.749975027562,0.3793103448275862,"{""primary_ma_period"": 18, ""reference_ma_period"": 60, ""spread_threshold_bps"": 90.0}"
4,13,r4_c41,donchian_breakout,mutation,r3_c01,False,1.0730979006250816,0.11545818845565954,0.24271860988768695,75,80,11154.581884556595,0.4482758620689655,"{""breakout_buffer_bps"": 45.0, ""lookback_window"": 53}"
4,14,r4_c26,multi_timeframe_ma_spread,mutation,r3_c03,True,0.938289501258051,0.09143268419961041,0.28625684370279564,81,92,10914.326841996104,0.3939393939393939,"{""primary_ma_period"": 19, ""reference_ma_period"": 68, ""spread_threshold_bps"": 70.0}"
4,15,r4_c50,donchian_breakout,mutation,r3_c05,False,0.8871103721164733,0.08759810012191083,0.19745589194596785,310,351,10875.981001219108,0.37373737373737376,"{""breakout_buffer_bps"": 15.0, ""lookback_window"": 67}"
4,16,r4_c06,multi_timeframe_ma_spread,elite,r3_c03,True,0.811263791578187,0.07356122768358073,0.3050892699561412,74,80,10735.612276835807,0.3939393939393939,"{""primary_ma_period"": 22, ""reference_ma_period"": 70, ""spread_threshold_bps"": 50.0}"
4,17,r4_c46,multi_timeframe_ma_spread,mutation,r3_c03,False,0.7705241273701792,0.06784069350723039,0.31918028852374264,77,87,10678.406935072304,0.3142857142857143,"{""primary_ma_period"": 17, ""reference_ma_period"": 75, ""spread_threshold_bps"": 55.0}"
4,18,r4_c27,multi_timeframe_ma_spread,mutation,r3_c24,False,0.6062362926026273,0.045487888245385695,0.21596704835771957,91,95,10454.878882453857,0.41025641025641024,"{""primary_ma_period"": 21, ""reference_ma_period"": 57, ""spread_threshold_bps"": 60.0}"
4,19,r4_c07,multi_timeframe_ma_spread,elite,r3_c24,False,0.5604562912552619,0.03928619019986163,0.24655754344774494,79,83,10392.861901998616,0.358974358974359,"{""primary_ma_period"": 24, ""reference_ma_period"": 62, ""spread_threshold_bps"": 60.0}"
4,20,r4_c08,multi_timeframe_ma_spread,elite,r3_c50,False,0.4289073817696517,0.021591385322660788,0.20171890468785902,227,237,10215.913853226608,0.31313131313131315,"{""primary_ma_period"": 10, ""reference_ma_period"": 27, ""spread_threshold_bps"": 30.0}"
4,21,r4_c09,multi_timeframe_ma_spread,elite,r3_c04,False,0.3007702010944979,0.00490207181575588,0.23818100984807755,79,80,10049.020718157559,0.3617021276595745,"{""primary_ma_period"": 25, ""reference_ma_period"": 60, ""spread_threshold_bps"": 40.0}"
4,22,r4_c25,multi_timeframe_ma_spread,mutation,r3_c23,False,0.2755735716580473,0.001738009052770758,0.33917912281816015,71,76,10017.380090527708,0.3225806451612903,"{""primary_ma_period"": 22, ""reference_ma_period"": 75, ""spread_threshold_bps"": 60.0}"
4,23,r4_c10,donchian_breakout,elite,r3_c05,False,0.24725689352741984,-0.004669221828963237,0.2758633182320758,338,380,9953.307781710368,0.3391304347826087,"{""breakout_buffer_bps"": 15.0, ""lookback_window"": 57}"
4,24,r4_c44,donchian_breakout,mutation,r3_c02,False,0.09918165963675594,-0.02468597771127097,0.3294090965892939,164,177,9753.14022288729,0.36065573770491804,"{""breakout_buffer_bps"": 30.0, ""lookback_window"": 55}"
4,25,r4_c32,moving_average_cross,mutation,r3_c31,True,-0.0640217876220586,-0.022015492488221208,0.13648542355512291,284,12237,9779.845075117788,0.30357142857142855,"{""entry_threshold"": 0.004, ""fast_window"": 23, ""slow_window"": 120}"
4,26,r4_c23,donchian_breakout,mutation,r3_c46,False,-0.17082750595156224,-0.059924746581774886,0.40466572480487595,56,63,9400.752534182251,0.21739130434782608,"{""breakout_buffer_bps"": 50.0, ""lookback_window"": 65}"
4,27,r4_c43,donchian_breakout,mutation,r3_c46,False,-0.4015154911701674,-0.08963182274112641,0.3678816288154664,59,66,9103.681772588736,0.24,"{""breakout_buffer_bps"": 50.0, ""lookback_window"": 60}"
4,28,r4_c29,multi_timeframe_ma_spread,mutation,r3_c04,False,-0.42832825726668017,-0.08592842765808728,0.3183705535223932,99,103,9140.715723419127,0.35555555555555557,"{""primary_ma_period"": 24, ""reference_ma_period"": 50, ""spread_threshold_bps"": 60.0}"
4,29,r4_c34,moving_average_cross,mutation,r3_c33,True,-0.5502186135465702,-0.062024735892578245,0.13543330453838515,370,16684,9379.752641074218,0.32432432432432434,"{""entry_threshold"": 0.0025, ""fast_window"": 21, ""slow_window"": 125}"
4,30,r4_c49,multi_timeframe_ma_spread,mutation,r3_c04,False,-0.7316986941497183,-0.12069177853115307,0.3648807003021628,103,105,8793.08221468847,0.3333333333333333,"{""primary_ma_period"": 20, ""reference_ma_period"": 62, ""spread_threshold_bps"": 35.0}"
4,31,r4_c33,moving_average_cross,mutation,r3_c32,True,-0.8245532451713883,-0.08742422148345777,0.1514066855753048,319,11221,9125.757785165422,0.328125,"{""entry_threshold"": 0.004, ""fast_window"": 20, ""slow_window"": 100}"
4,32,r4_c11,rsi_reversion,elite,r3_c35,True,-1.0403452459940041,-0.1341280229457925,0.3513981195262521,333,1220,8658.719770542075,0.6025641025641025,"{""overbought"": 77.5, ""oversold"": 25.0, ""period"": 19}"
4,33,r4_c12,moving_average_cross,elite,r3_c31,True,-1.221521847726847,-0.11835642049616527,0.17838204855178155,335,13390,8816.435795038347,0.3283582089552239,"{""entry_threshold"": 0.0035, ""fast_window"": 20, ""slow_window"": 115}"
4,34,r4_c48,multi_timeframe_ma_spread,mutation,r3_c50,False,-1.364723364730784,-0.1924766827257683,0.33098828636224215,185,194,8075.233172742317,0.2967032967032967,"{""primary_ma_period"": 13, ""reference_ma_period"": 29, ""spread_threshold_bps"": 35.0}"
4,35,r4_c28,multi_timeframe_ma_spread,mutation,r3_c50,False,-1.374255671369125,-0.193384649408125,0.3198367873739539,218,223,8066.15350591875,0.26732673267326734,"{""primary_ma_period"": 9, ""reference_ma_period"": 32, ""spread_threshold_bps"": 30.0}"
4,36,r4_c13,moving_average_cross,elite,r3_c32,True,-1.4309873952680032,-0.1355429151942746,0.2023042510610612,369,13900,8644.570848057254,0.273972602739726,"{""entry_threshold"": 0.003, ""fast_window"": 22, ""slow_window"": 105}"
4,37,r4_c35,moving_average_cross,mutation,r3_c11,False,-1.6377294519932635,-0.15189163431279684,0.20246393387311262,364,11910,8481.083656872031,0.3055555555555556,"{""entry_threshold"": 0.0035, ""fast_window"": 21, ""slow_window"": 95}"
4,38,r4_c14,moving_average_cross,elite,r3_c33,False,-1.6574707698756976,-0.15146522810876395,0.20750768378285084,413,15858,8485.34771891236,0.3170731707317073,"{""entry_threshold"": 0.0025, ""fast_window"": 20, ""slow_window"": 110}"
4,39,r4_c15,moving_average_cross,elite,r3_c11,False,-1.7107723008335927,-0.15608700311737667,0.19559195887340858,417,14849,8439.129968826233,0.3132530120481928,"{""entry_threshold"": 0.0025, ""fast_window"": 23, ""slow_window"": 100}"
4,40,r4_c31,rsi_reversion,mutation,r3_c35,True,-1.9067400363442908,-0.21244583629775335,0.35590316972942637,108,440,7875.541637022467,0.4583333333333333,"{""overbought"": 80.0, ""oversold"": 22.5, ""period"": 23}"
4,41,r4_c37,moving_average_cross,mutation,r3_c12,False,-1.933629292150208,-0.17404732708494974,0.22736103242812034,417,14206,8259.526729150502,0.26506024096385544,"{""entry_threshold"": 0.0025, ""fast_window"": 26, ""slow_window"": 95}"
4,42,r4_c16,rsi_reversion,elite,r3_c34,True,-2.081608325182877,-0.26406954294942686,0.36831899079988706,278,4601,7359.304570505731,0.5357142857142857,"{""overbought"": 77.5, ""oversold"": 37.5, ""period"": 23}"
4,43,r4_c17,moving_average_cross,elite,r3_c12,False,-2.2933065645005026,-0.20051084762138552,0.2512600834741371,411,12566,7994.891523786145,0.25609756097560976,"{""entry_threshold"": 0.003, ""fast_window"": 23, ""slow_window"": 90}"
4,44,r4_c36,rsi_reversion,mutation,r3_c34,True,-2.4526333080636764,-0.28940243310716596,0.3758248454535119,569,6705,7105.97566892834,0.5948275862068966,"{""overbought"": 75.0, ""oversold"": 40.0, ""period"": 21}"
4,45,r4_c40,rsi_reversion,mutation,r3_c15,True,-2.851265842417252,-0.3170345545857057,0.4006611465977681,547,3725,6829.654454142943,0.5478260869565217,"{""overbought"": 80.0, ""oversold"": 32.5, ""period"": 16}"
4,46,r4_c18,rsi_reversion,elite,r3_c14,False,-3.261406485193223,-0.33182520321409803,0.40932993912441135,914,4875,6681.74796785902,0.59375,"{""overbought"": 72.5, ""oversold"": 35.0, ""period"": 19}"
4,47,r4_c19,rsi_reversion,elite,r3_c39,False,-3.37551227441243,-0.28085225927193314,0.33038452308860583,597,2848,7191.477407280669,0.5540540540540541,"{""overbought"": 70.0, ""oversold"": 25.0, ""period"": 18}"
4,48,r4_c20,rsi_reversion,elite,r3_c15,False,-3.657697020660524,-0.3545856802075877,0.39887494640625026,732,3101,6454.143197924123,0.5527950310559007,"{""overbought"": 75.0, ""oversold"": 30.0, ""period"": 17}"
4,49,r4_c39,rsi_reversion,mutation,r3_c39,False,-3.8159800621732867,-0.30338835999620123,0.33582414337454597,783,3545,6966.116400037988,0.5396825396825397,"{""overbought"": 70.0, ""oversold"": 25.0, ""period"": 16}"
4,50,r4_c38,rsi_reversion,mutation,r3_c14,False,-4.117297289881391,-0.39059690282983345,0.42642733823731266,1186,8423,6094.030971701665,0.532258064516129,"{""overbought"": 67.5, ""oversold"": 40.0, ""period"": 21}"
5,1,r5_c01,donchian_breakout,elite,r4_c01,True,3.6157153541194726,0.5814126690951218,0.19190992439238105,95,101,15814.126690951218,0.5862068965517241,"{""breakout_buffer_bps"": 40.0, ""lookback_window"": 63}"
5,2,r5_c02,donchian_breakout,elite,r4_c21,True,3.089926478529085,0.47270168347797953,0.22494478227691342,114,126,14727.016834779795,0.5263157894736842,"{""breakout_buffer_bps"": 35.0, ""lookback_window"": 68}"
5,3,r5_c44,donchian_breakout,mutation,r4_c24,True,3.0894984847857865,0.4726078540184015,0.22494478227691364,113,125,14726.078540184015,0.5263157894736842,"{""breakout_buffer_bps"": 35.0, ""lookback_window"": 72}"
5,4,r5_c21,donchian_breakout,mutation,r4_c01,True,2.985383142008588,0.45172042033288545,0.22494478227691364,112,124,14517.204203328854,0.5263157894736842,"{""breakout_buffer_bps"": 35.0, ""lookback_window"": 73}"
5,5,r5_c03,donchian_breakout,elite,r4_c42,True,2.917190635921284,0.4368975778662934,0.22953926077332318,97,103,14368.975778662934,0.5757575757575758,"{""breakout_buffer_bps"": 40.0, ""lookback_window"": 60}"
5,6,r5_c24,donchian_breakout,mutation,r4_c24,False,2.917190635921284,0.4368975778662934,0.22953926077332318,97,103,14368.975778662934,0.5757575757575758,"{""breakout_buffer_bps"": 40.0, ""lookback_window"": 62}"
5,7,r5_c04,donchian_breakout,elite,r4_c24,False,2.909786875856755,0.4357583784244252,0.2470503882790385,92,98,14357.583784244252,0.5172413793103449,"{""breakout_buffer_bps"": 40.0, ""lookback_window"": 67}"
5,8,r5_c43,donchian_breakout,mutation,r4_c42,False,2.909786875856755,0.4357583784244252,0.2470503882790385,92,98,14357.583784244252,0.5172413793103449,"{""breakout_buffer_bps"": 40.0, ""lookback_window"": 70}"
5,9,r5_c05,donchian_breakout,elite,r4_c02,False,2.5582193750943087,0.36790169386893173,0.22953926077332318,99,105,13679.016938689318,0.5428571428571428,"{""breakout_buffer_bps"": 40.0, ""lookback_window"": 58}"
5,10,r5_c41,donchian_breakout,mutation,r4_c01,False,2.16331956434346,0.29593246720068256,0.20654172316116842,120,133,12959.324672006825,0.5,"{""breakout_buffer_bps"": 35.0, ""lookback_window"": 61}"
5,11,r5_c45,donchian_breakout,mutation,r4_c02,False,1.5319092488150094,0.18828954736795842,0.2506439145836993,127,140,11882.895473679584,0.4583333333333333,"{""breakout_buffer_bps"": 35.0, ""lookback_window"": 53}"
5,12,r5_c26,multi_timeframe_ma_spread,mutation,r4_c05,True,1.4206613400857344,0.16149594922982688,0.26179868438427306,76,84,11614.959492298269,0.3225806451612903,"{""primary_ma_period"": 26, ""reference_ma_period"": 70, ""spread_threshold_bps"": 60.0}"
5,13,r5_c27,multi_timeframe_ma_spread,mutation,r4_c47,True,1.270457625259905,0.14084868015786814,0.20186285552821898,98,114,11408.486801578681,0.5185185185185185,"{""primary_ma_period"": 20, ""reference_ma_period"": 52, ""spread_threshold_bps"": 100.0}"
5,14,r5_c06,multi_timeframe_ma_spread,elite,r4_c05,True,1.224429912924978,0.13259959899725637,0.26447034938556047,83,91,11325.995989972564,0.36363636363636365,"{""primary_ma_period"": 23, ""reference_ma_period"": 65, ""spread_threshold_bps"": 70.0}"
5,15,r5_c42,donchian_breakout,mutation,r4_c21,False,1.133133563842086,0.12463113932807592,0.23649111964198502,72,77,11246.31139328076,0.4482758620689655,"{""breakout_buffer_bps"": 45.0, ""lookback_window"": 58}"
5,16,r5_c07,multi_timeframe_ma_spread,elite,r4_c47,True,1.1326501811187892,0.11965967453869034,0.22571049175942726,91,109,11196.596745386903,0.45161290322580644,"{""primary_ma_period"": 21, ""reference_ma_period"": 57, ""spread_threshold_bps"": 80.0}"
5,17,r5_c08,multi_timeframe_ma_spread,elite,r4_c45,True,1.1175926058722512,0.1174749975027562,0.2467804531780872,90,109,11174.749975027562,0.3793103448275862,"{""primary_ma_period"": 18, ""reference_ma_period"": 60, ""spread_threshold_bps"": 90.0}"
5,18,r5_c28,multi_timeframe_ma_spread,mutation,r4_c45,False,1.0586175235195396,0.10913410982622809,0.26690120943684115,85,107,11091.34109826228,0.4074074074074074,"{""primary_ma_period"": 21, ""reference_ma_period"": 55, ""spread_threshold_bps"": 100.0}"
5,19,r5_c09,multi_timeframe_ma_spread,elite,r4_c26,False,0.938289501258051,0.09143268419961041,0.28625684370279564,81,92,10914.326841996104,0.3939393939393939,"{""primary_ma_period"": 19, ""reference_ma_period"": 68, ""spread_threshold_bps"": 70.0}"
5,20,r5_c49,multi_timeframe_ma_spread,mutation,r4_c26,False,0.9105615789275445,0.08756684274462423,0.3044278262762567,67,78,10875.668427446242,0.3333333333333333,"{""primary_ma_period"": 24, ""reference_ma_period"": 66, ""spread_threshold_bps"": 90.0}"
5,21,r5_c30,multi_timeframe_ma_spread,mutation,r4_c06,False,0.8635517813591076,0.08066102453622934,0.3246573068120286,72,80,10806.610245362293,0.36363636363636365,"{""primary_ma_period"": 19, ""reference_ma_period"": 75, ""spread_threshold_bps"": 55.0}"
5,22,r5_c10,multi_timeframe_ma_spread,elite,r4_c06,False,0.811263791578187,0.07356122768358073,0.3050892699561412,74,80,10735.612276835807,0.3939393939393939,"{""primary_ma_period"": 22, ""reference_ma_period"": 70, ""spread_threshold_bps"": 50.0}"
5,23,r5_c50,multi_timeframe_ma_spread,mutation,r4_c06,False,0.7542229978904917,0.06570209135121367,0.29266066219230247,74,78,10657.020913512137,0.3939393939393939,"{""primary_ma_period"": 23, ""reference_ma_period"": 68, ""spread_threshold_bps"": 60.0}"
5,24,r5_c29,multi_timeframe_ma_spread,mutation,r4_c26,False,0.5300240695076917,0.03520006394306583,0.3226418503463273,78,85,10352.000639430658,0.36363636363636365,"{""primary_ma_period"": 22, ""reference_ma_period"": 66, ""spread_threshold_bps"": 75.0}"
5,25,r5_c48,multi_timeframe_ma_spread,mutation,r4_c45,False,0.5278235825944018,0.03490735361008065,0.21379693673592742,109,128,10349.073536100806,0.42857142857142855,"{""primary_ma_period"": 13, ""reference_ma_period"": 55, ""spread_threshold_bps"": 85.0}"
5,26,r5_c47,multi_timeframe_ma_spread,mutation,r4_c47,False,0.21161452353232113,-0.006711400685369517,0.35109072568134864,84,94,9932.885993146305,0.3103448275862069,"{""primary_ma_period"": 18, ""reference_ma_period"": 67, ""spread_threshold_bps"": 100.0}"
5,27,r5_c36,moving_average_cross,mutation,r4_c13,True,0.1640648468682037,-0.0015818758719637117,0.11111783619915129,289,11928,9984.181241280363,0.3333333333333333,"{""entry_threshold"": 0.004, ""fast_window"": 23, ""slow_window"": 115}"
5,28,r5_c46,multi_timeframe_ma_spread,mutation,r4_c05,False,0.16115895205793276,-0.013200729733833396,0.35516910578353655,78,82,9867.992702661666,0.2903225806451613,"{""primary_ma_period"": 20, ""reference_ma_period"": 75, ""spread_threshold_bps"": 80.0}"
5,29,r5_c31,moving_average_cross,mutation,r4_c32,True,-0.06327646235639796,-0.02128756430323974,0.1372703283086428,289,13482,9787.124356967603,0.3333333333333333,"{""entry_threshold"": 0.004, ""fast_window"": 20, ""slow_window"": 135}"
5,30,r5_c11,moving_average_cross,elite,r4_c32,True,-0.0640217876220586,-0.022015492488221208,0.13648542355512291,284,12237,9779.845075117788,0.30357142857142855,"{""entry_threshold"": 0.004, ""fast_window"": 23, ""slow_window"": 120}"
5,31,r5_c23,donchian_breakout,mutation,r4_c42,False,-0.12471625072810191,-0.05423567893111085,0.3433041519985916,60,68,9457.643210688891,0.24,"{""breakout_buffer_bps"": 50.0, ""lookback_window"": 55}"
5,32,r5_c25,donchian_breakout,mutation,r4_c02,False,-0.12471625072810191,-0.05423567893111085,0.3433041519985916,60,68,9457.643210688891,0.24,"{""breakout_buffer_bps"": 50.0, ""lookback_window"": 56}"
5,33,r5_c22,donchian_breakout,mutation,r4_c21,False,-0.4769680276398361,-0.09900808032684927,0.4821307313323992,46,50,9009.919196731507,0.19047619047619047,"{""breakout_buffer_bps"": 55.0, ""lookback_window"": 73}"
5,34,r5_c12,moving_average_cross,elite,r4_c34,True,-0.5502186135465702,-0.062024735892578245,0.13543330453838515,370,16684,9379.752641074218,0.32432432432432434,"{""entry_threshold"": 0.0025, ""fast_window"": 21, ""slow_window"": 125}"
5,35,r5_c35,moving_average_cross,mutation,r4_c12,True,-0.63943726513098,-0.07148673136835605,0.13710055829483675,334,12936,9285.13268631644,0.3283582089552239,"{""entry_threshold"": 0.0035, ""fast_window"": 22, ""slow_window"": 110}"
5,36,r5_c37,rsi_reversion,mutation,r4_c31,True,-0.6899429866194827,-0.09308708954807625,0.28247644904173014,211,752,9069.129104519237,0.5957446808510638,"{""overbought"": 80.0, ""oversold"": 22.5, ""period"": 19}"
5,37,r5_c32,moving_average_cross,mutation,r4_c34,False,-0.7724756105185817,-0.0805579351007922,0.17480828264268183,309,15882,9194.420648992078,0.29508196721311475,"{""entry_threshold"": 0.003, ""fast_window"": 24, ""slow_window"": 140}"
5,38,r5_c13,moving_average_cross,elite,r4_c33,False,-0.8245532451713883,-0.08742422148345777,0.1514066855753048,319,11221,9125.757785165422,0.328125,"{""entry_threshold"": 0.004, ""fast_window"": 20, ""slow_window"": 100}"
5,39,r5_c14,rsi_reversion,elite,r4_c11,True,-1.0403452459940041,-0.1341280229457925,0.3513981195262521,333,1220,8658.719770542075,0.6025641025641025,"{""overbought"": 77.5, ""oversold"": 25.0, ""period"": 19}"
5,40,r5_c15,moving_average_cross,elite,r4_c12,False,-1.221521847726847,-0.11835642049616527,0.17838204855178155,335,13390,8816.435795038347,0.3283582089552239,"{""entry_threshold"": 0.0035, ""fast_window"": 20, ""slow_window"": 115}"
5,41,r5_c16,moving_average_cross,elite,r4_c13,False,-1.4309873952680032,-0.1355429151942746,0.2023042510610612,369,13900,8644.570848057254,0.273972602739726,"{""entry_threshold"": 0.003, ""fast_window"": 22, ""slow_window"": 105}"
5,42,r5_c33,moving_average_cross,mutation,r4_c33,False,-1.4508055536031972,-0.1376259895383202,0.18314172675295734,343,11036,8623.740104616798,0.3088235294117647,"{""entry_threshold"": 0.004, ""fast_window"": 18, ""slow_window"": 95}"
5,43,r5_c38,rsi_reversion,mutation,r4_c16,True,-1.5252090372830465,-0.21770350644608571,0.37280141988566434,34,3856,7822.964935539143,0.5,"{""overbought"": 82.5, ""oversold"": 37.5, ""period"": 27}"
5,44,r5_c17,rsi_reversion,elite,r4_c31,True,-1.9067400363442908,-0.21244583629775335,0.35590316972942637,108,440,7875.541637022467,0.4583333333333333,"{""overbought"": 80.0, ""oversold"": 22.5, ""period"": 23}"
5,45,r5_c18,rsi_reversion,elite,r4_c16,True,-2.081608325182877,-0.26406954294942686,0.36831899079988706,278,4601,7359.304570505731,0.5357142857142857,"{""overbought"": 77.5, ""oversold"": 37.5, ""period"": 23}"
5,46,r5_c40,rsi_reversion,mutation,r4_c40,False,-2.254013264065851,-0.2696290611799274,0.3739397385000842,535,3292,7303.709388200726,0.5454545454545454,"{""overbought"": 82.5, ""oversold"": 30.0, ""period"": 14}"
5,47,r5_c19,rsi_reversion,elite,r4_c36,False,-2.4526333080636764,-0.28940243310716596,0.3758248454535119,569,6705,7105.97566892834,0.5948275862068966,"{""overbought"": 75.0, ""oversold"": 40.0, ""period"": 21}"
5,48,r5_c34,rsi_reversion,mutation,r4_c11,False,-2.546937015463532,-0.25242793196856045,0.3298589309128633,433,1928,7475.720680314395,0.5865384615384616,"{""overbought"": 72.5, ""oversold"": 27.5, ""period"": 21}"
5,49,r5_c20,rsi_reversion,elite,r4_c40,False,-2.851265842417252,-0.3170345545857057,0.4006611465977681,547,3725,6829.654454142943,0.5478260869565217,"{""overbought"": 80.0, ""oversold"": 32.5, ""period"": 16}"
5,50,r5_c39,rsi_reversion,mutation,r4_c36,False,-3.3383742053637624,-0.35416395168251236,0.42006467664985764,973,7735,6458.360483174876,0.5422885572139303,"{""overbought"": 75.0, ""oversold"": 40.0, ""period"": 17}"
